Date,MMM,AOS,ABT,ABBV,ABMD,ACN,ATVI,ADM,ADBE,AAP,AMD
2022-01-03,168.2821044921875,81.62281036376953,136.12899780273438,129.11441040039062,366.2900085449219,400.0928649902344,67.02161407470703,66.26271057128906,564.3699951171875,228.5513916015625,150.24000549316406
2022-01-04,170.6396026611328,82.98041534423828,132.92747497558594,128.86654663085938,361.5899963378906,397.2337341308594,66.80291748046875,67.49250030517578,554.0,228.81202697753906,144.4199981689453
2022-01-05,169.93899536132812,81.59349822998047,132.33026123046875,129.54345703125,338.20001220703125,390.2381896972656,65.8982925415039,66.96544647216797,514.4299926757812,228.23284912109375,136.14999389648438
2022-01-06,168.52825927734375,82.14044189453125,132.31065368652344,128.9332733154297,336.44000244140625,371.3934020996094,63.44289016723633,67.56082153320312,514.1199951171875,233.25216674804688,136.22999572753906
2022-01-07,170.37449645996094,81.21259307861328,132.72186279296875,128.59959411621094,319.2799987792969,364.2701416015625,63.661590576171875,68.13667297363281,510.70001220703125,229.8158721923828,132.0
2022-01-10,167.96966552734375,80.95864868164062,132.4281463623047,130.0392608642578,306.79998779296875,366.4808044433594,62.73708724975586,68.2538070678711,525.8300170898438,225.99351501464844,132.0
2022-01-11,169.4561309814453,81.7497787475586,132.8589324951172,130.5922393798828,319.1000061035156,368.55389404296875,65.46089172363281,68.7906265258789,529.8900146484375,223.94715881347656,137.30999755859375
2022-01-12,169.87271118164062,82.02325439453125,130.92037963867188,130.89735412597656,315.42999267578125,371.55841064453125,64.42704010009766,68.73207092285156,532.3699951171875,229.27532958984375,137.47000122070312
2022-01-13,171.3875732421875,81.00748443603516,127.38333892822266,128.6239013671875,306.7900085449219,355.9745788574219,63.79082107543945,69.2005615234375,516.9000244140625,232.9336395263672,132.74000549316406
2022-01-14,169.22889709472656,78.69270324707031,125.91938018798828,130.88771057128906,301.2200012207031,348.0841979980469,65.00360870361328,69.83497619628906,520.5999755859375,231.27342224121094,136.8800048828125
2022-01-18,168.7933807373047,78.78060913085938,124.357177734375,131.7643585205078,292.3800048828125,343.08001708984375,81.8236312866211,69.56167602539062,513.3400268554688,229.6421356201172,131.92999267578125
2022-01-19,168.9827117919922,77.69647979736328,123.84626770019531,130.25193786621094,302.0199890136719,338.6077880859375,81.66458129882812,69.29815673828125,516.5800170898438,226.19618225097656,128.27000427246094
2022-01-20,164.33399963378906,76.38768768310547,122.52969360351562,128.15185546875,302.75,337.573486328125,81.27688598632812,67.23873901367188,510.8500061035156,221.3603057861328,121.88999938964844
2022-01-21,163.46295166015625,75.03008270263672,123.63011932373047,127.1403579711914,304.57000732421875,330.618896484375,80.86930084228516,67.28752899169922,499.9100036621094,218.29080200195312,118.80999755859375
2022-01-24,163.60498046875,76.94441223144531,121.6552505493164,127.31376647949219,311.94000244140625,333.9385681152344,79.4974594116211,66.9459228515625,519.6599731445312,224.71937561035156,116.52999877929688
2022-01-25,164.50442504882812,73.64317321777344,121.11486053466797,128.20965576171875,296.8399963378906,329.9490661621094,78.6524887084961,66.731201171875,502.7200012207031,222.18075561523438,111.12999725341797
2022-01-26,160.29119873046875,72.97901153564453,117.9708251953125,129.307861328125,297.1400146484375,324.96466064453125,78.31449127197266,70.53771209716797,500.80999755859375,217.29660034179688,110.70999908447266
2022-01-27,161.10546875,74.08267974853516,118.3343505859375,130.9840545654297,277.29998779296875,328.38275146484375,78.43378448486328,72.42144012451172,493.04998779296875,217.28697204589844,102.5999984741211
2022-01-28,154.421142578125,74.01405334472656,123.15850830078125,132.862548828125,277.25,337.73114013671875,78.67236328125,74.10022735595703,518.1599731445312,220.28887939453125,105.23999786376953
2022-01-31,157.1857452392578,74.91595458984375,125.23162078857422,131.87033081054688,295.8699951171875,348.3008728027344,78.54313659667969,73.20227813720703,534.2999877929688,223.46453857421875,114.25
2022-02-01,158.52073669433594,74.08267974853516,124.97616577148438,131.97628784179688,301.3500061035156,348.143310546875,78.59283447265625,73.71957397460938,535.97998046875,226.6402130126953,116.77999877929688
2022-02-02,157.7917022705078,73.71995544433594,127.7665023803711,133.53688049316406,307.9599914550781,354.10296630859375,78.7817153930664,74.85177612304688,533.0900268554688,228.45486450195312,122.76000213623047
2022-02-03,155.64248657226562,72.63180541992188,127.83529663085938,135.5695037841797,290.5199890136719,340.3907775878906,78.48348236083984,73.85621643066406,510.8299865722656,224.41049194335938,120.08000183105469
2022-02-04,152.17723083496094,72.1318359375,127.4422836303711,135.492431640625,295.6499938964844,342.3116760253906,78.7817153930664,73.89524841308594,513.5399780273438,219.1016387939453,123.5999984741211
2022-02-07,152.5938262939453,72.40633392333984,125.8113021850586,137.30349731445312,289.8399963378906,338.8244934082031,79.03023529052734,74.55267333984375,507.1000061035156,218.08811950683594,123.66999816894531
2022-02-08,153.76783752441406,72.72984313964844,126.40081024169922,138.24755859375,309.0299987792969,339.91796875,79.75592803955078,75.24934387207031,511.30999755859375,222.2000732421875,128.22999572753906
2022-02-09,154.932373046875,73.18079376220703,128.20864868164062,137.9489288330078,315.9200134277344,350.2217712402344,81.01841735839844,75.8282470703125,521.75,224.1112518310547,132.85000610351562
2022-02-10,151.23992919921875,70.80841827392578,125.52638244628906,137.47691345214844,307.1099853515625,337.2779846191406,80.96871185302734,75.00403594970703,495.0199890136719,214.9896697998047,125.7699966430664
2022-02-11,151.05055236816406,69.9065170288086,123.29605865478516,136.8025665283203,294.82000732421875,324.2651672363281,81.01841735839844,75.03346252441406,473.9700012207031,215.1923828125,113.18000030517578
2022-02-14,149.6019744873047,69.8281021118164,120.63343811035156,137.7562713623047,290.42999267578125,321.2607116699219,81.01841735839844,74.69004821777344,474.010009765625,216.48580932617188,114.2699966430664
2022-02-15,148.96762084960938,71.03388977050781,121.81246948242188,139.4517364501953,304.70001220703125,324.4917907714844,81.03829956054688,75.35726928710938,479.5,214.86419677734375,121.47000122070312
2022-02-16,147.34860229492188,70.89665222167969,121.51770782470703,140.52102661132812,325.4200134277344,328.7374267578125,80.97865295410156,75.45539093017578,477.70001220703125,214.66148376464844,117.69000244140625
2022-02-17,142.09095764160156,69.65164184570312,118.47190856933594,139.65403747558594,307.1099853515625,318.08880615234375,80.4915542602539,75.21009063720703,457.7099914550781,212.7502899169922,112.37000274658203
2022-02-18,141.11587524414062,69.7986831665039,114.7481689453125,138.74850463867188,298.3800048828125,316.3846130371094,80.57108306884766,74.95496368408203,442.55999755859375,211.19625854492188,113.83000183105469
2022-02-22,140.2842254638672,68.16155242919922,115.45557403564453,140.22239685058594,296.6400146484375,316.315673828125,80.75001525878906,75.26895141601562,438.3999938964844,199.57464599609375,115.6500015258789
2022-02-23,138.01864624023438,66.5538330078125,115.20011901855469,141.3783721923828,290.67999267578125,308.4844055175781,80.23308563232422,73.82656860351562,429.45001220703125,189.96078491210938,109.76000213623047
2022-02-24,137.36862182617188,66.43619537353516,116.64441680908203,139.94302368164062,306.9200134277344,311.449462890625,80.53131866455078,74.42511749267578,463.82000732421875,193.83145141601562,116.61000061035156
2022-02-25,143.8785400390625,68.02430725097656,120.26991271972656,144.05645751953125,312.29998779296875,317.69482421875,80.95877838134766,77.41781616210938,465.5400085449219,198.42601013183594,121.05999755859375
2022-02-28,142.1005096435547,67.2302474975586,118.5112075805664,142.3513641357422,310.739990234375,311.3016662597656,81.01841735839844,76.97627258300781,467.67999267578125,197.37387084960938,123.33999633789062
2022-03-01,138.37234497070312,65.3186264038086,116.1040267944336,142.2742919921875,313.489990234375,306.7013854980469,80.4020767211914,76.52490997314453,466.67999267578125,194.17892456054688,113.83000183105469
2022-03-02,140.73350524902344,68.03411102294922,118.2557601928711,144.08535766601562,315.8500061035156,313.57720947265625,80.99854278564453,78.77188873291016,471.17999267578125,201.8043975830078,118.27999877929688
2022-03-03,141.7659149169922,67.32828521728516,118.85508728027344,144.89456176757812,311.17999267578125,314.18798828125,81.01841735839844,80.39089965820312,459.0799865722656,201.03219604492188,111.9800033569336
2022-03-04,140.26510620117188,67.04398345947266,119.28739929199219,145.03904724121094,313.7200012207031,309.469482421875,80.9488296508789,81.24456024169922,452.1300048828125,199.4395294189453,108.41000366210938
2022-03-07,136.9671173095703,65.99505615234375,116.781982421875,143.9697723388672,298.6400146484375,300.46588134765625,80.07403564453125,82.392578125,437.9700012207031,194.3140411376953,102.94999694824219
2022-03-08,138.9936981201172,64.90689086914062,114.08004760742188,141.75408935546875,290.3900146484375,297.1166687011719,80.55119323730469,81.56835174560547,431.5299987792969,193.6094207763672,105.52999877929688
2022-03-09,140.14083862304688,66.34796142578125,116.3201904296875,143.38211059570312,306.739990234375,304.80023193359375,80.35237884521484,80.24371337890625,450.8699951171875,197.75999450683594,111.05000305175781
2022-03-10,137.58847045898438,65.29902648925781,114.9544906616211,143.70001220703125,305.6199951171875,304.8987121582031,80.32255554199219,82.72618103027344,438.95001220703125,197.79861450195312,106.45999908447266
2022-03-11,134.74932861328125,64.4265365600586,112.0265884399414,143.59405517578125,286.7900085449219,306.927978515625,79.83544921875,82.02952575683594,416.3800048828125,196.98780822753906,104.29000091552734
2022-03-14,137.15829467773438,64.58338928222656,113.5003662109375,146.5225830078125,277.54998779296875,303.086181640625,79.07994842529297,81.01887512207031,411.5,192.24842834472656,102.25
2022-03-15,137.9517364501953,64.83827209472656,115.42610931396484,150.1639862060547,289.6400146484375,311.508544921875,79.0401840209961,81.25435638427734,421.6600036621094,197.17120361328125,109.33000183105469
2022-03-16,139.09884643554688,65.98524475097656,117.3911361694336,150.32774353027344,294.5299987792969,320.0589294433594,78.6524887084961,79.91990661621094,442.3599853515625,200.30824279785156,115.37000274658203
2022-03-17,141.1827850341797,66.66166687011719,119.08106231689453,152.7745819091797,307.6499938964844,314.72967529296875,78.42384338378906,82.20614624023438,444.3599853515625,202.40835571289062,111.69000244140625
2022-03-18,141.7850341796875,66.71068572998047,120.30921173095703,153.36221313476562,304.3299865722656,319.11328125,78.29460906982422,82.40238952636719,453.3299865722656,200.61936950683594,113.45999908447266
2022-03-21,142.03359985351562,66.58323669433594,119.63127899169922,154.18106079101562,306.739990234375,319.6550598144531,78.37413024902344,85.52265167236328,453.5899963378906,200.0457305908203,115.91999816894531
2022-03-22,143.33367919921875,66.4655990600586,119.75900268554688,154.14251708984375,313.3399963378906,322.5807189941406,78.8314208984375,85.91513061523438,466.45001220703125,203.5945281982422,114.77999877929688
2022-03-23,141.17324829101562,64.08344268798828,114.87589263916016,152.61082458496094,311.0299987792969,315.71478271484375,78.60277557373047,87.41638946533203,422.8999938964844,207.42529296875,113.91999816894531
2022-03-24,142.4159698486328,64.92650604248047,115.7601547241211,154.40261840820312,321.4700012207031,320.43328857421875,79.14952850341797,88.7312240600586,432.1400146484375,208.71844482421875,120.52999877929688
2022-03-25,143.83074951171875,65.65193939208984,116.87039947509766,155.4141082763672,318.8800048828125,322.8171691894531,79.12964630126953,91.7337417602539,431.6199951171875,209.60321044921875,119.66999816894531
2022-03-28,142.88438415527344,65.3480453491211,117.8922119140625,156.03065490722656,321.80999755859375,325.8018798828125,79.53722381591797,90.61515045166016,450.010009765625,204.65432739257812,120.23999786376953
2022-03-29,145.37939453125,66.15190124511719,118.08872985839844,156.23294067382812,331.5,335.6033630371094,80.2728500366211,86.18987274169922,466.3299865722656,209.47679138183594,123.2300033569336
2022-03-30,144.7580108642578,64.94610595703125,118.275390625,157.74539184570312,328.510009765625,333.4066467285156,79.8851547241211,87.62245178222656,460.05999755859375,205.9474639892578,119.22000122070312
2022-03-31,142.32037353515625,62.6325569152832,116.29071807861328,156.16552734375,331.239990234375,332.19500732421875,79.63663482666016,88.56441497802734,455.6199951171875,201.22219848632812,109.33999633789062
2022-04-01,143.0946807861328,64.58338928222656,116.50687408447266,156.714599609375,338.6400146484375,335.5541076660156,80.34243774414062,89.45732116699219,458.19000244140625,201.72776794433594,108.19000244140625
2022-04-04,142.9417266845703,65.74016571044922,116.80162048339844,155.9535675048828,325.70001220703125,339.326904296875,80.25297546386719,88.7312240600586,468.80999755859375,206.04466247558594,110.52999877929688
2022-04-05,142.3394775390625,64.10303497314453,117.3911361694336,157.43710327148438,322.6600036621094,337.7015686035156,79.90503692626953,89.19239044189453,458.5799865722656,205.85992431640625,106.81999969482422
2022-04-06,143.6778106689453,63.328582763671875,117.84309387207031,162.71615600585938,313.760009765625,335.1797790527344,79.63663482666016,91.08613586425781,444.3299865722656,206.929443359375,103.66999816894531
2022-04-07,143.34323120117188,62.083580017089844,121.213134765625,166.92591857910156,317.5199890136719,336.667236328125,79.63663482666016,92.21453857421875,452.7200012207031,211.54776000976562,103.72000122070312
2022-04-08,143.2093963623047,61.632633209228516,121.09523010253906,168.5443115234375,314.5299987792969,333.85980224609375,79.61674499511719,93.46067810058594,445.3399963378906,219.4815216064453,101.0
2022-04-11,143.5057373046875,62.11298751831055,117.94134521484375,163.60243225097656,299.760009765625,322.3836669921875,79.01036071777344,92.79344940185547,434.44000244140625,214.84376525878906,97.37000274658203
2022-04-12,142.03359985351562,63.22074890136719,116.3201904296875,161.1748504638672,299.6400146484375,321.8517761230469,79.06999969482422,93.2840576171875,426.7699890136719,215.72854614257812,95.0999984741211
2022-04-13,142.11007690429688,63.42662048339844,117.85902404785156,154.4227752685547,304.42999267578125,321.6838073730469,79.0999984741211,93.75504302978516,431.6700134277344,214.46458435058594,97.73999786376953
2022-04-14,140.886474609375,62.53453063964844,116.09331512451172,157.68707275390625,306.0799865722656,315.6372375488281,78.93000030517578,95.08949279785156,420.44000244140625,212.61724853515625,93.05999755859375
2022-04-18,139.73931884765625,62.093379974365234,114.7123031616211,154.8211212158203,301.510009765625,309.8376770019531,79.05999755859375,94.64794158935547,425.4700012207031,212.1991729736328,93.88999938964844
2022-04-19,143.48663330078125,64.08344268798828,118.35224151611328,151.89683532714844,323.4200134277344,316.72406005859375,79.02999877929688,94.12789916992188,436.3999938964844,216.72024536132812,96.93000030517578
2022-04-20,143.9550323486328,64.99513244628906,120.97615814208984,152.23687744140625,325.9800109863281,319.786865234375,78.91000366210938,96.37488555908203,428.1099853515625,221.6983184814453,94.0199966430664
2022-04-21,145.08303833007812,64.99513244628906,121.69625091552734,154.00503540039062,315.6400146484375,318.4431457519531,78.9000015258789,94.24564361572266,417.4800109863281,219.3065185546875,89.8499984741211
2022-04-22,142.59759521484375,63.46582794189453,118.01685333251953,150.5755615234375,295.8299865722656,307.07122802734375,78.61000061035156,90.44834899902344,408.6700134277344,212.33529663085938,88.13999938964844
2022-04-25,142.05271911621094,63.35799026489258,118.3818359375,151.8482666015625,302.1400146484375,313.0190124511719,78.05000305175781,89.25126647949219,413.95001220703125,217.66336059570312,90.69000244140625
2022-04-26,137.86569213867188,61.14247131347656,115.38307189941406,151.73167419433594,285.8699951171875,299.4636535644531,77.05999755859375,88.9372787475586,399.1199951171875,217.2452850341797,85.16000366210938
2022-04-27,137.8561553955078,61.65224075317383,115.136474609375,153.1306610107422,277.1499938964844,299.4636535644531,76.0999984741211,92.15565490722656,397.8999938964844,218.64537048339844,84.91000366210938
2022-04-28,140.6570281982422,58.95415496826172,116.40897369384766,151.85797119140625,287.2200012207031,310.07476806640625,76.69999694824219,90.77215576171875,410.5299987792969,203.58482360839844,89.63999938964844
2022-04-29,137.86569213867188,57.53618240356445,111.96015167236328,142.69656372070312,286.5799865722656,296.7564697265625,75.5999984741211,87.87755584716797,395.95001220703125,194.0954132080078,85.5199966430664
2022-05-02,139.48123168945312,58.41257095336914,111.29924774169922,143.6583709716797,285.7099914550781,300.94561767578125,78.05999755859375,87.63226318359375,407.2900085449219,194.9315643310547,89.83999633789062
2022-05-03,141.55564880371094,58.19593048095703,110.90467071533203,145.33909606933594,285.8699951171875,301.1629943847656,78.77999877929688,88.07381439208984,407.5799865722656,194.37734985351562,91.12999725341797
2022-05-04,147.43466186523438,60.697078704833984,114.13031005859375,147.27239990234375,295.2099914550781,311.0825500488281,79.23999786376953,89.43769836425781,423.3500061035156,201.8736114501953,99.41999816894531
2022-05-05,142.87481689453125,58.028533935546875,111.476806640625,147.84559631347656,272.25,295.1164245605469,78.76000213623047,87.73038482666016,400.510009765625,195.74827575683594,93.87000274658203
2022-05-06,142.9417266845703,58.4913444519043,110.74683380126953,148.4770965576172,257.5400085449219,292.19189453125,77.83999633789062,88.04437255859375,391.010009765625,197.23585510253906,95.33999633789062
2022-05-09,145.66616821289062,58.87538146972656,105.93305206298828,146.6603546142578,234.10000610351562,284.0408630371094,77.16999816894531,82.7752456665039,376.9100036621094,197.02195739746094,86.36000061035156
2022-05-10,142.5498046875,58.058074951171875,105.30172729492188,147.75816345214844,237.6300048828125,284.13970947265625,76.91999816894531,83.37379455566406,393.0299987792969,197.2747344970703,88.7300033569336
2022-05-11,139.95921325683594,56.492393493652344,104.4040756225586,147.6318817138672,233.49000549316406,277.5694885253906,77.47000122070312,82.7752456665039,379.3299865722656,195.4954833984375,87.91999816894531
2022-05-12,142.9990997314453,58.15654373168945,106.50518035888672,149.8955078125,234.35000610351562,277.83624267578125,77.37999725341797,82.85375213623047,388.489990234375,203.1083984375,87.05999755859375
2022-05-13,142.72186279296875,59.092010498046875,108.38926696777344,149.12802124023438,254.16000366210938,283.32952880859375,77.73999786376953,83.78590393066406,405.45001220703125,205.3543701171875,95.12000274658203
2022-05-16,143.86900329589844,58.0777702331543,108.22156524658203,151.04190063476562,253.7899932861328,282.73675537109375,78.0,85.54226684570312,402.8599853515625,207.76559448242188,94.23999786376953
2022-05-17,145.62794494628906,59.42681121826172,112.98604583740234,150.37155151367188,258.2300109863281,287.5779724121094,78.54000091552734,87.36587524414062,409.6499938964844,210.26434326171875,102.47000122070312
2022-05-18,142.36814880371094,56.88628005981445,111.21046447753906,148.08847045898438,240.4600067138672,270.8708190917969,77.91999816894531,83.33422088623047,397.8800048828125,190.0799102783203,96.27999877929688
2022-05-19,141.90469360351562,57.555877685546875,110.91454315185547,147.39871215820312,238.64999389648438,270.327392578125,77.73999786376953,82.66392517089844,394.3800048828125,190.6341094970703,96.66999816894531
2022-05-20,138.88235473632812,56.88628005981445,111.70368194580078,146.7089385986328,235.75,273.3309326171875,77.4000015258789,82.80192565917969,399.0899963378906,176.84722900390625,93.5
2022-05-23,139.41342163085938,57.47710037231445,113.46939849853516,143.8137969970703,249.22000122070312,279.9901123046875,77.19999694824219,85.33526611328125,406.760009765625,178.15980529785156,95.06999969482422
2022-05-24,140.73631286621094,57.45740509033203,112.22648620605469,144.863037109375,249.19000244140625,275.9590148925781,77.02999877929688,86.50830078125,398.4100036621094,175.23324584960938,91.16000366210938
2022-05-25,140.77493286132812,57.64450454711914,111.65435791015625,147.6318817138672,254.2899932861328,276.2850646972656,77.70999908447266,87.5038833618164,402.5,180.1724090576172,92.6500015258789
2022-05-26,141.98193359375,58.717830657958984,113.31156921386719,146.28146362304688,260.9700012207031,288.0521545410156,77.98999786376953,87.05044555664062,408.6000061035156,185.607421875,98.75
2022-05-27,144.36695861816406,60.28350067138672,115.10688018798828,145.72769165039062,266.3399963378906,300.50103759765625,78.19999694824219,87.66160583496094,428.2200012207031,187.6978302001953,102.26000213623047
2022-05-31,144.15452575683594,59.20032501220703,115.86642456054688,143.17259216308594,263.70001220703125,294.8792724609375,77.87999725341797,89.52465057373047,416.4800109863281,184.59625244140625,101.86000061035156
2022-06-01,141.3832550048828,59.51543045043945,113.51872253417969,141.86105346679688,255.36000061035156,295.0670166015625,77.41000366210938,85.433837890625,418.1600036621094,182.457275390625,101.22000122070312
2022-06-02,143.0827178955078,60.224422454833984,115.91575622558594,142.5702667236328,269.6300048828125,302.9413757324219,78.2300033569336,88.00662231445312,441.2799987792969,185.79217529296875,108.58999633789062
2022-06-03,140.94874572753906,59.90931701660156,114.9885025024414,142.97830200195312,262.25,301.29144287109375,77.88999938964844,86.65616607666016,429.760009765625,185.442138671875,106.30000305175781
2022-06-06,141.18048095703125,60.92355728149414,114.84053802490234,142.35653686523438,260.1000061035156,301.0740661621094,77.79000091552734,87.1490249633789,429.4599914550781,185.45187377929688,105.6500015258789
2022-06-07,141.81777954101562,60.85462951660156,115.2942886352539,144.89218139648438,268.2300109863281,302.85247802734375,78.02999877929688,88.2431869506836,433.4200134277344,181.66000366210938,105.27999877929688
2022-06-08,140.4176483154297,60.15549087524414,113.1340103149414,144.9990692138672,265.3599853515625,299.0091552734375,77.62999725341797,87.3461685180664,428.8399963378906,179.9876708984375,101.9000015258789
2022-06-09,139.22030639648438,59.87977600097656,111.18087005615234,141.28785705566406,257.1099853515625,291.8856506347656,76.77999877929688,84.7536849975586,426.4200134277344,179.54043579101562,98.80000305175781
2022-06-10,132.91493225097656,57.171844482421875,108.14265441894531,139.12136840820312,250.42999267578125,282.57867431640625,76.4800033569336,83.47222900390625,393.8399963378906,174.45541381835938,94.81999969482422
2022-06-13,131.67897033691406,55.23197555541992,104.4731216430664,135.44903564453125,240.57000732421875,273.1827392578125,74.76000213623047,80.8403091430664,371.6499938964844,167.41615295410156,86.98999786376953
2022-06-14,130.59750366210938,54.78886032104492,101.54341888427734,133.70030212402344,229.66000366210938,271.8193054199219,74.63999938964844,81.49089050292969,370.82000732421875,166.725830078125,86.98999786376953
2022-06-15,129.7091522216797,55.182743072509766,103.37818908691406,134.15692138671875,232.35000610351562,277.81646728515625,75.3499984741211,81.10645294189453,376.9200134277344,167.5133819580078,89.30000305175781
2022-06-16,126.4357681274414,52.77021789550781,100.68522644042969,135.1867218017578,224.72999572753906,267.6499328613281,73.93000030517578,77.9028091430664,365.0799865722656,162.2758331298828,82.05000305175781
2022-06-17,125.37359619140625,52.29756546020508,101.13897705078125,134.3415069580078,229.7899932861328,272.0762023925781,74.70999908447266,76.20733642578125,360.7900085449219,164.59056091308594,81.56999969482422
2022-06-21,125.53775024414062,52.080928802490234,102.99349212646484,139.38368225097656,232.27000427246094,279.3380432128906,76.05000305175781,78.26753234863281,362.989990234375,168.4353485107422,83.79000091552734
2022-06-22,125.91432189941406,52.24833297729492,104.00950622558594,143.357177734375,236.3000030517578,282.9639892578125,75.69999694824219,76.32563018798828,365.3299865722656,171.30914306640625,83.75
2022-06-23,125.67293548583984,53.301963806152344,104.76905059814453,145.19337463378906,248.6199951171875,282.40081787109375,76.48999786376953,70.72663879394531,376.6400146484375,175.20298767089844,82.43000030517578
2022-06-24,129.7091522216797,54.96611022949219,107.96509552001953,148.00103759765625,255.32000732421875,295.77838134765625,77.94000244140625,73.45712280273438,387.7200012207031,179.5872344970703,87.08000183105469
2022-06-27,128.23179626464844,54.99565124511719,107.60012817382812,148.77825927734375,254.77999877929688,289.109375,78.01000213623047,74.95545196533203,381.07000732421875,180.1070556640625,86.16000366210938
2022-06-28,125.84674072265625,54.335899353027344,105.51874542236328,148.14678955078125,249.0800018310547,280.3951416015625,77.16000366210938,74.90616607666016,365.6300048828125,175.32066345214844,80.77999877929688
2022-06-29,125.30601501464844,53.96171188354492,107.6198501586914,149.74978637695312,256.489990234375,276.45306396484375,77.95999908447266,76.13834381103516,368.5,173.32962036132812,77.98999786376953
2022-06-30,124.95838928222656,53.84354782104492,107.17595672607422,148.7976837158203,247.50999450683594,274.3189697265625,77.86000061035156,76.49320220947266,366.05999755859375,169.76925659179688,76.47000122070312
2022-07-01,124.0700454711914,55.17289352416992,108.72465515136719,149.41946411132812,254.55999755859375,277.282958984375,78.56999969482422,75.32018280029297,368.4800109863281,170.3087158203125,73.66999816894531
2022-07-05,124.76527404785156,56.512088775634766,107.817138671875,149.54576110839844,256.6600036621094,271.86871337890625,78.87000274658203,71.34765625,376.489990234375,178.8123779296875,75.19999694824219
2022-07-06,125.37359619140625,57.07337188720703,107.21540832519531,148.1856231689453,253.3300018310547,272.62945556640625,78.37000274658203,71.18993377685547,382.8299865722656,178.28274536132812,75.3499984741211
2022-07-07,125.57638549804688,58.69813537597656,108.00454711914062,147.6707305908203,267.32000732421875,276.0479431152344,78.61000061035156,73.3388442993164,390.8900146484375,180.4601593017578,79.30000305175781
2022-07-08,124.29212951660156,56.09851837158203,107.77767944335938,148.4965362548828,267.0,275.721923828125,78.12999725341797,72.29396057128906,389.44000244140625,179.39105224609375,79.3499984741211
2022-07-11,124.5721435546875,55.82279586791992,107.4126968383789,148.8656768798828,262.07000732421875,271.5722961425781,77.79000091552734,71.59408569335938,384.1600036621094,178.26312255859375,76.94999694824219
2022-07-12,125.7212142944336,55.281211853027344,106.83069610595703,148.11764526367188,256.260009765625,270.38671875,76.54000091552734,71.81095123291016,375.5400085449219,180.31301879882812,76.36000061035156
2022-07-13,123.95416259765625,54.64115905761719,104.76905059814453,147.8164520263672,256.94000244140625,269.8612060546875,75.95999908447266,71.65323638916016,371.94000244140625,181.78424072265625,77.5199966430664
2022-07-14,123.89623260498047,53.301963806152344,104.73933410644531,147.52227783203125,258.8800048828125,266.3908996582031,76.23999786376953,70.67735290527344,372.9599914550781,182.44139099121094,78.5999984741211
2022-07-15,125.65362548828125,55.78341293334961,107.82077026367188,150.64059448242188,268.2300109863281,269.2166748046875,77.38999938964844,70.97307586669922,379.8599853515625,185.08958435058594,81.11000061035156
2022-07-18,124.47560119628906,54.61161422729492,106.03730010986328,146.6691436767578,263.0400085449219,266.37103271484375,76.98999786376953,71.5152359008789,375.2300109863281,181.71559143066406,81.43000030517578
2022-07-19,127.58483123779297,56.630252838134766,108.92057800292969,146.8358612060547,269.3500061035156,277.6644287109375,78.62999725341797,72.77696990966797,387.8299865722656,186.99237060546875,85.87999725341797
2022-07-20,128.43453979492188,56.994598388671875,107.23619842529297,144.8256072998047,276.1600036621094,279.27069091796875,79.30000305175781,73.50642395019531,401.489990234375,188.9638214111328,89.43000030517578
2022-07-21,129.3422088623047,58.0482292175293,109.67359924316406,144.8844451904297,284.80999755859375,285.56683349609375,79.48999786376953,72.96426391601562,408.9100036621094,186.1881103515625,91.08999633789062
2022-07-22,129.50636291503906,58.09746551513672,108.19728088378906,145.59048461914062,281.70001220703125,285.56683349609375,79.2300033569336,72.78682708740234,401.8999938964844,187.56124877929688,88.0999984741211
2022-07-25,129.50636291503906,58.01868438720703,107.50370788574219,147.30653381347656,280.44000244140625,286.8359680175781,79.6500015258789,74.54144287109375,391.9599914550781,185.991943359375,87.54000091552734
2022-07-26,135.90830993652344,58.13684844970703,108.08829498291016,147.9439239501953,278.510009765625,282.7608337402344,79.45999908447266,77.79438018798828,379.260009765625,179.3616180419922,85.25
2022-07-27,134.08331298828125,59.61390686035156,108.98002624511719,148.21849060058594,285.17999267578125,295.00604248046875,79.79000091552734,79.30255889892578,392.7799987792969,182.3433074951172,89.81999969482422
2022-07-28,135.54136657714844,60.33607864379883,109.34662628173828,146.8456573486328,292.20001220703125,301.1038818359375,79.51000213623047,78.2182388305664,403.5,187.36508178710938,91.66999816894531
2022-07-29,138.31265258789062,62.59163284301758,107.84058380126953,140.72666931152344,293.010009765625,303.6620178222656,79.94999694824219,81.58946228027344,410.1199951171875,189.9053955078125,94.47000122070312
2022-08-01,138.42852783203125,61.26599884033203,108.51434326171875,137.50048828125,291.8999938964844,302.1549072265625,80.08000183105469,83.05821228027344,411.0899963378906,192.2299346923828,96.77999877929688
2022-08-02,136.8739013671875,59.821651458740234,107.64242553710938,137.6671905517578,293.6300048828125,299.9140625,79.31999969482422,81.60918426513672,409.9599914550781,191.27854919433594,99.29000091552734
2022-08-03,138.55404663085938,60.820823669433594,108.603515625,138.46148681640625,301.4599914550781,305.5558166503906,80.58999633789062,81.07688903808594,424.5400085449219,191.52374267578125,98.08999633789062
2022-08-04,143.0247802734375,60.63286209106445,108.71250915527344,136.2257080078125,292.239990234375,307.97509765625,80.66000366210938,80.85015869140625,430.5899963378906,187.88491821289062,103.91000366210938
2022-08-05,142.33921813964844,59.95025634765625,108.246826171875,135.36276245117188,291.5,306.7257995605469,80.48999786376953,81.57960510253906,433.42999267578125,189.709228515625,102.30999755859375
2022-08-08,143.37240600585938,60.840606689453125,107.9991226196289,137.61814880371094,293.7699890136719,307.6974792480469,81.0,81.31346130371094,434.3399963378906,190.56253051757812,100.06999969482422
2022-08-09,142.75440979003906,59.65347671508789,106.91913604736328,137.5299072265625,281.7099914550781,307.1620788574219,80.58999633789062,81.67818450927734,426.57000732421875,188.0908966064453,95.54000091552734
2022-08-10,144.24143981933594,61.03846740722656,109.25746154785156,138.20652770996094,293.3399963378906,313.79534912109375,80.91000366210938,82.40762329101562,438.3999938964844,190.95486450195312,99.05000305175781
2022-08-11,144.5117950439453,61.7507438659668,109.4754409790039,139.3244171142578,290.92999267578125,311.7528076171875,80.51000213623047,82.93992614746094,434.8900146484375,193.6324920654297,98.12000274658203
2022-08-12,147.00306701660156,63.18519592285156,110.45635223388672,139.83432006835938,293.5899963378906,317.7217102050781,80.79000091552734,85.36483764648438,445.6700134277344,198.64443969726562,100.83000183105469
2022-08-15,146.22091674804688,63.392948150634766,110.87249755859375,139.53033447265625,295.05999755859375,317.6126403808594,80.7300033569336,84.90153503417969,451.0199890136719,201.3907470703125,101.01000213623047
2022-08-16,145.09115600585938,63.64026641845703,111.00129699707031,139.78530883789062,291.1199951171875,318.058837890625,80.91999816894531,85.74333190917969,447.55999755859375,205.57882690429688,100.19999694824219
2022-08-17,142.3585205078125,63.521549224853516,109.5348892211914,138.6968231201172,281.82000732421875,315.7486267089844,80.52999877929688,85.51554870605469,437.82000732421875,205.95150756835938,98.2699966430664
2022-08-18,141.6343231201172,63.42262649536133,108.95030975341797,138.5497283935547,278.17999267578125,316.7500305175781,80.44000244140625,86.77328491210938,439.0299987792969,203.50930786132812,100.44000244140625
2022-08-19,141.64405822753906,61.95849609375,109.04938507080078,139.09889221191406,270.67999267578125,312.6153869628906,80.2699966430664,86.38705444335938,425.05999755859375,203.04832458496094,95.94999694824219
2022-08-22,138.1224822998047,60.63286209106445,106.4633560180664,137.61814880371094,261.3500061035156,307.37030029296875,79.76000213623047,85.70372009277344,411.3500061035156,194.67214965820312,92.83999633789062
2022-08-23,138.278564453125,60.09864807128906,105.03657531738281,136.32376098632812,262.2300109863281,304.0982971191406,79.33999633789062,87.19912719726562,410.4100036621094,195.23121643066406,92.48999786376953
2022-08-24,137.58595275878906,60.306400299072266,104.47180938720703,135.2353057861328,268.0400085449219,303.6620178222656,79.27999877929688,87.7834243774414,405.6499938964844,176.4584197998047,92.7300033569336
2022-08-25,139.26382446289062,60.46467971801758,104.91767883300781,136.62774658203125,274.45001220703125,307.1422119140625,79.06999969482422,90.031494140625,403.92999267578125,177.5177001953125,97.18000030517578
2022-08-26,125.97737884521484,57.803524017333984,100.96430969238281,133.70555114746094,258.1199951171875,295.6009826660156,78.62999725341797,88.69452667236328,381.0199890136719,170.25965881347656,91.18000030517578
2022-08-29,123.343505859375,57.08135223388672,100.90486145019531,133.07797241210938,256.9800109863281,292.6363525390625,78.75,89.88294219970703,375.260009765625,167.26817321777344,88.48999786376953
2022-08-30,121.80219268798828,56.82413864135742,101.26155853271484,132.92105102539062,258.6499938964844,290.01873779296875,78.62000274658203,86.72376251220703,375.07000732421875,167.19952392578125,86.94000244140625
2022-08-31,121.3046875,55.844757080078125,101.70742797851562,131.85220336914062,259.2799987792969,286.01300048828125,78.48999786376953,87.0406723022461,373.44000244140625,165.40463256835938,84.87000274658203
2022-09-01,122.55333709716797,55.8150749206543,103.87731170654297,135.7648162841797,259.5299987792969,286.3402099609375,78.55000305175781,86.7336654663086,370.5299987792969,168.8472900390625,82.33000183105469
2022-09-02,118.67081451416016,55.666683197021484,101.55880737304688,133.63690185546875,261.239990234375,281.6602478027344,77.52999877929688,86.76338195800781,368.1400146484375,168.4353485107422,80.23999786376953
2022-09-06,113.7444839477539,55.2907600402832,101.76687622070312,134.92149353027344,263.8900146484375,281.0553894042969,76.83999633789062,84.87183380126953,368.29998779296875,170.0144500732422,78.72000122070312
2022-09-07,117.5977554321289,56.59660720825195,103.73860168457031,136.019775390625,268.17999267578125,284.32745361328125,77.72000122070312,86.38705444335938,379.7200012207031,174.8793182373047,79.61000061035156
2022-09-08,116.34909057617188,56.24046325683594,106.007568359375,137.794677734375,275.57000732421875,285.5172424316406,77.38999938964844,89.41747283935547,383.6300048828125,176.83111572265625,82.77999877929688
2022-09-09,120.08529663085938,55.68647003173828,107.48389434814453,138.6772003173828,282.2799987792969,288.08526611328125,78.51000213623047,90.58607482910156,394.7799987792969,177.1842041015625,85.44999694824219
2022-09-12,121.20713806152344,55.56775665283203,108.28646087646484,139.48130798339844,279.1600036621094,292.75531005859375,78.12999725341797,87.35757446289062,396.3599853515625,178.00811767578125,84.63999938964844
2022-09-13,117.51970672607422,53.59909439086914,104.86813354492188,135.84326171875,266.3900146484375,279.1318664550781,76.76000213623047,85.51554870605469,368.3900146484375,169.51425170898438,77.02999877929688
2022-09-14,114.65170288085938,51.709571838378906,104.80868530273438,136.84349060058594,264.3299865722656,276.1672668457031,76.5999984741211,85.33728790283203,371.5199890136719,166.77777099609375,77.44999694824219
2022-09-15,113.56889343261719,52.35260009765625,104.09529876708984,139.74606323242188,263.7200012207031,271.5368347167969,76.83000183105469,84.43608093261719,309.1300048828125,165.8673858642578,76.66000366210938
2022-09-16,113.75424194335938,51.165470123291016,103.04503631591797,141.26600646972656,258.6700134277344,270.3668518066406,76.0199966430664,83.95082092285156,299.5,165.05596923828125,76.51000213623047
2022-09-19,113.78350067138672,52.02613830566406,103.13420867919922,139.89317321777344,257.8699951171875,272.6473693847656,75.94000244140625,86.486083984375,296.05999755859375,166.42152404785156,76.7699966430664
2022-09-20,113.66643524169922,50.67082977294922,101.37054443359375,139.02041625976562,258.989990234375,267.9475402832031,75.04000091552734,85.91168975830078,291.05999755859375,164.13568115234375,75.25
2022-09-21,111.9983139038086,50.51254653930664,99.72579193115234,137.58872985839844,252.80999755859375,263.1684875488281,75.31999969482422,85.16893768310547,286.29998779296875,163.76956176757812,74.4800033569336
2022-09-22,111.34473419189453,49.97833251953125,100.14193725585938,140.2363739013672,247.25999450683594,260.0947570800781,77.02999877929688,85.2382583618164,287.05999755859375,162.3940887451172,69.5
2022-09-23,110.22288513183594,49.29573440551758,99.7555160522461,140.285400390625,245.52999877929688,257.7746276855469,74.94999694824219,80.86096954345703,284.55999755859375,158.82183837890625,67.95999908447266
2022-09-26,110.2326431274414,48.88023376464844,98.92322540283203,138.47129821777344,242.49000549316406,255.3553009033203,74.33000183105469,80.72232818603516,276.9599914550781,156.03131103515625,66.30000305175781
2022-09-27,109.65709686279297,48.80109786987305,97.42709350585938,138.9713897705078,244.39999389648438,254.16546630859375,74.86000061035156,80.03899383544922,277.57000732421875,157.64427185058594,67.16999816894531
2022-09-28,111.4813003540039,49.90908432006836,97.81351470947266,141.79554748535156,250.0500030517578,259.7080383300781,75.38999938964844,82.10879516601562,281.3999938964844,161.61236572265625,68.36000061035156
2022-09-29,109.54979705810547,48.207523345947266,97.38746643066406,139.95199584960938,248.9600067138672,256.0791015625,74.87000274658203,79.83101654052734,278.25,157.99061584472656,64.13999938964844
2022-09-30,107.79386901855469,48.059139251708984,95.87151336669922,131.6070556640625,245.66000366210938,255.1173095703125,74.33999633789062,79.67256164550781,275.20001220703125,154.705322265625,63.36000061035156
2022-10-03,110.44725799560547,50.087158203125,98.60616302490234,135.63734436035156,255.14999389648438,262.6429443359375,74.36000061035156,82.2276382446289,285.239990234375,161.6618194580078,66.11000061035156
2022-10-04,112.78848266601562,51.798606872558594,102.13347625732422,139.2361602783203,264.010009765625,271.9830322265625,75.0,84.87183380126953,294.9700012207031,166.0751953125,67.9000015258789
2022-10-05,112.34950256347656,50.94782638549805,102.43072509765625,140.5501708984375,264.2550048828125,272.0127868652344,74.11000061035156,85.43632507324219,297.3800048828125,165.88717651367188,67.94000244140625
2022-10-06,108.39868927001953,50.23554229736328,101.5092544555664,137.56912231445312,267.2099914550781,267.1841125488281,73.83000183105469,84.92134857177734,298.4100036621094,163.41331481933594,67.8499984741211
2022-10-07,104.88684844970703,48.969268798828125,100.8553237915039,136.06878662109375,257.0899963378906,257.50689697265625,73.3499984741211,84.61434936523438,288.7699890136719,159.63327026367188,58.439998626708984
2022-10-10,105.80382537841797,49.04841613769531,100.20137786865234,135.6275177001953,247.02999877929688,255.6626739501953,73.75,85.77304077148438,285.7200012207031,164.51171875,57.810001373291016
2022-10-11,106.17452239990234,48.78131103515625,100.81568908691406,138.7654571533203,243.13999938964844,250.83396911621094,73.55000305175781,85.46603393554688,284.8299865722656,167.09442138671875,57.630001068115234
2022-10-12,106.28182983398438,48.60323715209961,99.1610336303711,137.26513671875,242.77000427246094,249.05128479003906,73.5,85.19863891601562,286.1499938964844,167.54962158203125,57.849998474121094
2022-10-13,111.46178436279297,48.33613204956055,102.00814056396484,141.5741729736328,258.0799865722656,256.4111633300781,73.12000274658203,87.98149108886719,294.739990234375,169.78598022460938,58.939998626708984
2022-10-14,110.84721374511719,48.51420211791992,100.45516967773438,141.593994140625,249.27999877929688,251.69049072265625,72.12999725341797,82.57424926757812,287.94000244140625,166.80746459960938,55.939998626708984
2022-10-17,111.07158660888672,51.05664825439453,103.05339813232422,143.05015563964844,257.8699951171875,261.15179443359375,71.76000213623047,84.9312515258789,293.5,168.08396911621094,57.959999084472656
2022-10-18,113.11039733886719,51.205039978027344,104.50682830810547,143.23837280273438,259.1700134277344,262.97430419921875,72.26000213623047,86.92182922363281,292.9800109863281,172.90304565429688,57.91999816894531
2022-10-19,111.40325164794922,50.22565460205078,97.66778564453125,141.78221130371094,253.24000549316406,262.9842834472656,72.20999908447266,87.49622344970703,299.8299865722656,169.45944213867188,57.22999954223633
2022-10-20,110.33995056152344,48.23720169067383,94.7808609008789,141.58407592773438,252.50999450683594,260.71356201171875,73.30999755859375,87.4764175415039,302.3800048828125,168.49957275390625,57.77000045776367
2022-10-21,113.94933319091797,49.59251403808594,94.63153076171875,145.67520141601562,256.2200012207031,268.47186279296875,72.70999908447266,88.82328033447266,306.3699951171875,169.54849243164062,58.81999969482422
2022-10-24,115.48088073730469,50.25532913208008,97.84697723388672,149.46913146972656,260.2799987792969,274.1884460449219,72.51000213623047,88.417236328125,316.2200012207031,174.77328491210938,58.70000076293945
2022-10-25,115.59794616699219,51.5413932800293,97.50850677490234,148.40921020507812,264.2900085449219,279.46685791015625,72.5,90.25926971435547,323.7900085449219,179.5032958984375,61.470001220703125
2022-10-26,119.6950912475586,51.393001556396484,97.97638702392578,151.07386779785156,268.25,278.7298889160156,72.4800033569336,92.68558502197266,320.4800109863281,179.90902709960938,59.72999954223633
2022-10-27,119.79264831542969,51.34354019165039,96.49311065673828,152.05455017089844,267.5799865722656,277.7040710449219,72.5,93.22036743164062,318.6499938964844,186.11346435546875,58.599998474121094
2022-10-28,123.49958038330078,54.10972213745117,99.04156494140625,146.2200164794922,258.05999755859375,286.607666015625,72.8499984741211,93.96311950683594,325.67999267578125,188.67637634277344,62.0099983215332
2022-10-31,122.70942687988281,54.50773239135742,98.49404907226562,145.0214080810547,252.0800018310547,282.74346923828125,72.80000305175781,96.04283142089844,318.5,187.93421936035156,60.060001373291016
2022-11-01,122.2314224243164,54.3286247253418,98.86238098144531,145.526611328125,377.82000732421875,280.3233642578125,73.30999755859375,96.58750915527344,316.0199890136719,187.30091857910156,59.65999984741211
2022-11-02,119.8511734008789,53.433101654052734,97.59810638427734,143.15911865234375,373.510009765625,271.3401184082031,72.66000366210938,94.87422943115234,301.2200012207031,184.9359130859375,58.630001068115234
2022-11-03,119.84142303466797,54.099769592285156,96.01526641845703,143.06005859375,373.6300048828125,255.8335418701172,71.9000015258789,95.3495864868164,285.92999267578125,182.31361389160156,60.11000061035156
2022-11-04,121.78268432617188,55.70176696777344,97.62796783447266,143.91195678710938,373.989990234375,260.0960998535156,71.95999908447266,94.27012634277344,285.75,179.17677307128906,62.189998626708984
2022-11-07,121.62660217285156,56.62714767456055,99.05152130126953,146.70541381835938,373.2900085449219,267.973876953125,71.0999984741211,94.67616271972656,299.5400085449219,181.17562866210938,63.08000183105469
2022-11-08,122.28019714355469,55.69181823730469,99.1908950805664,147.13134765625,374.0,267.9340515136719,72.0,95.45852661132812,302.1700134277344,180.7303466796875,63.849998474121094
2022-11-09,120.79742431640625,54.776390075683594,99.01170349121094,146.22991943359375,374.0,265.3545837402344,71.66000366210938,92.16070556640625,298.8699951171875,173.51657104492188,59.91999816894531
2022-11-10,125.98712158203125,58.98536682128906,103.76020812988281,148.31015014648438,372.7799987792969,285.8507385253906,73.62000274658203,93.36891174316406,329.95001220703125,181.6110382080078,68.47000122070312
2022-11-11,129.72332763671875,59.70178985595703,103.62083435058594,148.7460174560547,373.989990234375,288.9082336425781,74.13999938964844,92.17060852050781,341.1499938964844,184.44113159179688,72.37000274658203
2022-11-14,127.82109069824219,59.2142219543457,101.55020904541016,150.31112670898438,374.1000061035156,287.7330627441406,73.95999908447266,93.36891174316406,340.3699951171875,181.85842895507812,73.52999877929688
2022-11-15,128.00643920898438,60.089847564697266,102.67511749267578,151.598876953125,374.20001220703125,291.45782470703125,73.87999725341797,94.015380859375,345.9599914550781,182.01675415039062,76.37000274658203
2022-11-16,125.5871810913086,59.50278091430664,103.14299774169922,150.4398956298828,374.3999938964844,290.3224792480469,74.3499984741211,94.67179107666016,338.4100036621094,154.60638427734375,72.69999694824219
2022-11-17,125.48848724365234,59.80128860473633,102.09772491455078,150.7271728515625,376.8599853515625,285.97027587890625,73.80999755859375,94.08499908447266,337.8299865722656,146.75929260253906,73.9000015258789
2022-11-18,125.10358428955078,60.975425720214844,103.4018325805664,153.52061462402344,377.2900085449219,285.3328857421875,74.0999984741211,94.63200378417969,330.8599853515625,145.957763671875,73.56999969482422
2022-11-21,125.96221160888672,61.09483337402344,103.41178131103516,155.63055419921875,376.6199951171875,285.8507385253906,74.80000305175781,95.58677673339844,321.489990234375,146.69003295898438,72.45999908447266
2022-11-22,126.91954040527344,61.59234619140625,104.39732360839844,158.2853240966797,378.0,291.6968688964844,75.87999725341797,97.1382827758789,330.8800048828125,147.986328125,75.25
2022-11-23,126.32737731933594,61.22418212890625,105.54212951660156,157.8890838623047,377.7799987792969,293.3301696777344,76.58999633789062,96.25312805175781,335.7799987792969,148.9758758544922,76.4000015258789
2022-11-25,127.3537826538086,61.55254364013672,106.47789764404297,158.11692810058594,378.0799865722656,295.1925354003906,73.47000122070312,96.86975860595703,334.29998779296875,148.43162536621094,75.13999938964844
2022-11-28,123.01128387451172,59.46297836303711,104.91497802734375,156.93812561035156,377.2300109863281,289.4161682128906,74.72000122070312,95.72601318359375,328.9700012207031,149.04513549804688,73.19000244140625
2022-11-29,124.4818115234375,60.189353942871094,104.5267333984375,156.71029663085938,377.3299865722656,286.8068542480469,74.33999633789062,95.9249267578125,326.7799987792969,146.3832550048828,73.38999938964844
2022-11-30,124.32390594482422,60.4381103515625,107.09510803222656,159.6622314453125,377.7900085449219,299.7040710449219,73.94999694824219,96.96920776367188,344.92999267578125,149.41127014160156,77.62999725341797
2022-12-01,124.34364318847656,60.17940139770508,107.44352722167969,160.10800170898438,377.44000244140625,301.5963439941406,75.19000244140625,90.8228530883789,344.1099853515625,149.71803283691406,77.4800033569336
2022-12-02,125.33057403564453,60.07990264892578,107.60279846191406,162.11888122558594,377.20001220703125,298.9073486328125,75.76000213623047,91.21073150634766,341.5299987792969,151.42994689941406,74.9800033569336
2022-12-05,123.00141143798828,59.522682189941406,104.93489074707031,162.39625549316406,378.2200012207031,291.5474548339844,76.33000183105469,90.27584838867188,334.0899963378906,146.80877685546875,73.62000274658203
2022-12-06,122.95207214355469,59.07491683959961,103.3918685913086,162.17831420898438,377.95001220703125,284.247314453125,76.11000061035156,90.35541534423828,331.1499938964844,144.00836181640625,70.2699966430664
2022-12-07,124.69893646240234,58.97541809082031,104.33758544921875,163.84249877929688,377.7900085449219,285.5220947265625,75.93000030517578,92.66278076171875,326.67999267578125,145.11663818359375,70.13999938964844
2022-12-08,124.353515625,58.129638671875,106.43807983398438,164.42694091796875,380.75,290.9598388671875,74.76000213623047,91.89698028564453,332.5799865722656,145.05726623535156,70.47000122070312
2022-12-09,124.11665344238281,58.01023864746094,107.02542114257812,161.5245361328125,380.75,287.235107421875,75.16000366210938,91.37980651855469,330.6400146484375,144.37448120117188,68.58999633789062
2022-12-12,125.1924057006836,58.21919250488281,108.99649047851562,163.7632598876953,380.010009765625,291.1490783691406,77.36000061035156,92.82191467285156,338.1700134277344,144.4041748046875,70.66999816894531
2022-12-13,125.62665557861328,59.07491683959961,111.02729797363281,163.2382354736328,380.29998779296875,294.1468200683594,76.7300033569336,92.72245788574219,342.4599914550781,144.1567840576172,71.6500015258789
2022-12-14,124.44232940673828,58.58735656738281,110.7585220336914,163.30758666992188,380.1099853515625,290.2627258300781,77.04000091552734,92.2947998046875,339.9200134277344,141.9600067138672,68.93000030517578
2022-12-15,120.78081512451172,56.51769256591797,108.0308609008789,161.5641632080078,380.1600036621094,279.97479248046875,76.37000274658203,91.91686248779297,328.7099914550781,143.22999572753906,66.52999877929688
2022-12-16,120.09983825683594,55.771419525146484,106.42813110351562,158.9688262939453,381.0,263.402587890625,76.08000183105469,91.80746459960938,338.5400085449219,140.16000366210938,65.41000366210938
2022-12-19,120.5340805053711,55.7813720703125,106.10956573486328,159.9693145751953,381.29998779296875,254.35955810546875,75.98999786376953,92.14561462402344,328.760009765625,140.89999389648438,64.58999633789062
2022-12-20,119.23133087158203,56.05997848510742,106.01001739501953,159.06788635253906,380.7900085449219,260.83306884765625,75.87999725341797,92.43403625488281,338.2200012207031,139.3800048828125,65.05000305175781
2022-12-21,121.8467025756836,56.955509185791016,107.65258026123047,160.6825408935547,381.0199890136719,267.8244934082031,75.88999938964844,93.75679016113281,341.3800048828125,142.2899932861328,67.68000030517578
2022-12-22,120.00113677978516,55.95052719116211,107.54307556152344,161.73255920410156,381.0199890136719,263.68145751953125,75.69999694824219,92.98104095458984,336.5199890136719,142.0800018310547,63.86000061035156
2022-12-23,118.57008361816406,56.6171989440918,107.69239807128906,161.5641632080078,381.0199890136719,265.0060119628906,75.94999694824219,94.10488891601562,338.45001220703125,143.27999877929688,64.5199966430664
2022-12-27,118.64904022216797,57.383365631103516,108.08064270019531,161.4552001953125,,264.22918701171875,75.79000091552734,95.38787078857422,335.0899963378906,145.02000427246094,63.27000045776367
2022-12-28,116.7442626953125,56.48784255981445,107.34397888183594,160.7023468017578,,262.0481262207031,76.05000305175781,93.11033630371094,328.3299865722656,145.3000030517578,62.56999969482422
2022-12-29,118.99446868896484,57.373416900634766,109.81279754638672,161.02923583984375,,267.28668212890625,76.76000213623047,92.6130599975586,337.5799865722656,146.30999755859375,64.81999969482422
2022-12-30,118.35295867919922,56.955509185791016,109.2951431274414,160.0881805419922,,265.7529602050781,76.55000305175781,92.34452056884766,336.5299987792969,147.02999877929688,64.7699966430664
2023-01-03,120.86964416503906,58.62715530395508,109.08609008789062,160.85093688964844,,269.1590270996094,76.87999725341797,89.16194915771484,336.9200134277344,151.5399932861328,64.0199966430664
2023-01-04,123.51461791992188,60.3585090637207,110.708740234375,162.1486053466797,,268.2427673339844,76.83999633789062,85.91969299316406,341.4100036621094,151.88999938964844,64.66000366210938
2023-01-05,121.35323333740234,59.084869384765625,110.30059051513672,161.9504852294922,,261.90869140625,76.95999908447266,83.77145385742188,328.44000244140625,153.16000366210938,62.33000183105469
2023-01-06,125.06410217285156,61.13462829589844,111.82369995117188,164.98167419433594,,268.1133117675781,77.58999633789062,85.48208618164062,332.75,154.02000427246094,63.959999084472656
2023-01-09,125.13318634033203,61.184383392333984,111.6445083618164,160.13772583007812,,272.63482666015625,77.22000122070312,84.9052505493164,341.9800109863281,152.25999450683594,67.23999786376953
2023-01-10,126.45568084716797,59.56248474121094,113.33684539794922,158.13673400878906,,273.80999755859375,77.69000244140625,85.76056671142578,338.70001220703125,151.97000122070312,68.05000305175781
2023-01-11,127.4327392578125,62.26896667480469,112.63999938964844,155.6899871826172,,281.0799865722656,77.0,86.20811462402344,342.92999267578125,153.27999877929688,69.05999755859375
2023-01-12,127.65974426269531,61.09483337402344,111.36000061035156,152.22000122070312,,283.8399963378906,76.9000015258789,86.91424560546875,344.5400085449219,152.19000244140625,70.80000305175781
2023-01-13,127.81764221191406,61.82120132446289,113.51000213623047,153.60000610351562,,282.1400146484375,76.66000366210938,87.91875457763672,344.3800048828125,151.02999877929688,71.0
2023-01-17,124.94567108154297,59.73163986206055,113.38999938964844,152.8300018310547,,284.8800048828125,74.55999755859375,87.61043548583984,344.3800048828125,149.2100067138672,71.58999633789062
2023-01-18,121.14598083496094,59.84109115600586,111.51000213623047,149.1999969482422,,277.8999938964844,74.4800033569336,84.53726196289062,341.30999755859375,146.97999572753906,70.52999877929688
2023-01-19,116.88243103027344,57.50277328491211,111.80000305175781,148.7100067138672,,272.8900146484375,73.76000213623047,84.84557342529297,342.5299987792969,143.27000427246094,67.70999908447266
2023-01-20,119.07342529296875,58.856014251708984,112.81999969482422,149.58999633789062,,280.4700012207031,73.83999633789062,84.28861999511719,356.3800048828125,147.49000549316406,70.06999969482422
2023-01-23,121.01768493652344,59.910743713378906,114.01000213623047,148.5500030517578,,279.3399963378906,75.22000122070312,83.89080047607422,364.9800109863281,148.6199951171875,76.52999877929688
2023-01-24,113.49725341796875,60.36845779418945,112.52999877929688,147.69000244140625,,274.8699951171875,75.11000061035156,85.30306243896484,361.32000732421875,147.27000427246094,74.69999694824219
2023-01-25,111.45429992675781,60.21920394897461,111.0,147.7899932861328,,273.1600036621094,74.63999938964844,85.10415649414062,358.1700134277344,149.11000061035156,74.91000366210938
2023-01-26,112.06620025634766,58.55750274658203,111.06999969482422,147.39999389648438,,274.260009765625,75.5999984741211,84.43780517578125,365.82000732421875,147.6199951171875,75.16000366210938
2023-01-27,113.74398803710938,60.060001373291016,109.94999694824219,146.27999877929688,,277.2699890136719,76.61000061035156,83.17471313476562,370.7099914550781,147.44000244140625,75.4000015258789
2023-01-30,111.10887908935547,59.560001373291016,109.80999755859375,145.64999389648438,,274.32000732421875,75.95999908447266,81.80223083496094,363.4200134277344,149.8800048828125,72.44999694824219
2023-01-31,113.57621002197266,67.69999694824219,110.55000305175781,147.75,,279.04998779296875,76.56999969482422,82.39896392822266,370.3399963378906,152.27999877929688,75.1500015258789
2023-02-01,114.34601593017578,69.95999908447266,111.81999969482422,146.60000610351562,,283.6000061035156,76.69999694824219,82.9161376953125,383.9200134277344,156.83999633789062,84.63999938964844
2023-02-02,118.71812438964844,70.4000015258789,112.25,144.83999633789062,,294.1000061035156,77.11000061035156,81.86190032958984,392.2300109863281,155.24000549316406,88.30999755859375
2023-02-03,115.9547119140625,69.05000305175781,111.79000091552734,145.1999969482422,,289.2200012207031,75.23999786376953,81.83206939697266,379.3299865722656,152.1699981689453,86.08999633789062
2023-02-06,114.97765350341797,67.48999786376953,110.75,145.02000427246094,,284.4800109863281,71.58000183105469,82.11054229736328,375.2300109863281,151.6699981689453,83.68000030517578
2023-02-07,115.37242889404297,66.62999725341797,111.98999786376953,145.13999938964844,,287.82000732421875,75.5999984741211,82.21000671386719,383.82000732421875,151.47000122070312,85.91000366210938
2023-02-08,113.74398803710938,66.20999908447266,110.19999694824219,144.61000061035156,,284.7099914550781,72.88999938964844,81.5999984741211,378.3599853515625,148.82000732421875,84.69000244140625
2023-02-09,111.45429992675781,65.80999755859375,108.06999969482422,148.6999969482422,,285.1600036621094,75.26000213623047,80.5999984741211,375.80999755859375,151.91000366210938,83.20999908447266
2023-02-10,112.39188385009766,66.11000061035156,108.16000366210938,152.0500030517578,,283.9599914550781,75.44999694824219,82.08999633789062,370.989990234375,151.8000030517578,81.4800033569336
2023-02-13,113.77359008789062,68.02999877929688,108.5199966430664,153.72999572753906,,288.3500061035156,76.58999633789062,81.9000015258789,375.0,152.19000244140625,83.12999725341797
2023-02-14,112.71757507324219,67.4800033569336,107.26000213623047,152.58999633789062,,284.7699890136719,76.77999877929688,81.77999877929688,377.8999938964844,150.75999450683594,85.94999694824219
2023-02-15,113.29000091552734,68.02999877929688,107.27999877929688,151.05999755859375,,287.6499938964844,77.69999694824219,81.73999786376953,375.94000244140625,151.2899932861328,85.18000030517578
2023-02-16,112.0,67.72000122070312,106.08000183105469,149.52999877929688,,281.2200012207031,77.51000213623047,81.41999816894531,365.1600036621094,150.19000244140625,80.08000183105469
2023-02-17,112.98999786376953,67.23999786376953,106.73999786376953,151.30999755859375,,277.04998779296875,77.56999969482422,81.58999633789062,356.8500061035156,149.99000549316406,78.5
2023-02-21,109.25,65.66999816894531,103.6500015258789,152.0,,269.1499938964844,77.0,81.4000015258789,346.70001220703125,144.19000244140625,76.7699966430664
2023-02-22,108.94000244140625,65.47000122070312,102.69000244140625,150.6699981689453,,269.6300048828125,77.12000274658203,81.61000061035156,348.7200012207031,143.6199951171875,76.61000061035156
2023-02-23,108.91000366210938,65.80999755859375,102.55000305175781,152.07000732421875,,271.2300109863281,77.06999969482422,82.05000305175781,347.0199890136719,142.00999450683594,79.75
2023-02-24,107.80000305175781,64.9000015258789,100.45999908447266,152.7100067138672,,266.5299987792969,76.81999969482422,81.44000244140625,320.5400085449219,138.85000610351562,78.08999633789062
2023-02-27,108.2699966430664,65.31999969482422,99.7699966430664,154.27999877929688,,266.25,76.73999786376953,81.19000244140625,322.32000732421875,140.6300048828125,78.7699966430664
